role,question,answer
Data Scientist,What does a Data Scientist do?,A Data Scientist extracts meaningful insights from large datasets using statistical analysis machine learning and data visualization techniques to solve business problems and drive data-driven decision making
Software Engineer,What skills are needed for Software Engineering?,Software Engineers need strong programming skills in languages like Python Java or C++ problem-solving abilities knowledge of algorithms and data structures software development methodologies and experience with version control systems
DevOps Engineer,What is DevOps?,DevOps Engineers automate and streamline software development and deployment processes managing infrastructure CI/CD pipelines cloud resources and ensuring reliability scalability and security of applications
Frontend Developer,What technologies do Frontend Developers use?,Frontend Developers use HTML CSS JavaScript and modern frameworks like React Vue or Angular to build responsive user interfaces They also work with design tools APIs and state management libraries
Backend Developer,What does a Backend Developer do?,Backend Developers build server-side applications APIs databases and ensure the logic and integration of applications work smoothly They handle data processing business logic authentication and server management
Machine Learning Engineer,How is ML Engineering different from Data Science?,Machine Learning Engineers focus on deploying and productionizing ML models at scale They build ML pipelines optimize model performance handle infrastructure and ensure models work reliably in production environments
Cloud Engineer,What does a Cloud Engineer do?,Cloud Engineers design deploy and manage cloud infrastructure and services They work with platforms like AWS Azure or GCP to build scalable reliable and cost-effective cloud solutions
Cybersecurity Engineer,What is the role of a Cybersecurity Engineer?,Cybersecurity Engineers protect systems networks and data from cyber threats They implement security measures conduct vulnerability assessments perform penetration testing and respond to security incidents
Full Stack Developer,What makes someone a Full Stack Developer?,Full Stack Developers have expertise in both frontend and backend development They can build complete web applications from UI to database handling all layers of the technology stack
Mobile Developer,What platforms do Mobile Developers work with?,Mobile Developers build applications for iOS and Android platforms using native languages like Swift and Kotlin or cross-platform frameworks like React Native and Flutter
